Address,Name,Type,Value,Um,Default,Min,Max,Description,Count,Register Type,Read Only,Category,Read Group,Read Address,Read Offset,Interfaces,Sync Field
8192,DIL1,BOOL,True,flag,True,0,1,DIL1 digital input,1,holding,1,status,io_status,8960,0,DIL1,
8193,DIL2,BOOL,True,flag,True,0,1,DIL2 digital input,1,holding,1,status,io_status,8960,1,DIL2,
8194,DIL3,BOOL,True,flag,True,0,1,DIL3 digital input,1,holding,1,status,io_status,8960,2,DIL3,
8195,DIL4,BOOL,True,flag,True,0,1,DIL4 digital input,1,holding,1,status,io_status,8960,3,DIL4,
8196,DIL5,BOOL,True,flag,True,0,1,DIL5 digital input,1,holding,1,status,io_status,8960,4,DIL5,
8197,DIL6,BOOL,True,flag,True,0,1,DIL6 digital input,1,holding,1,status,io_status,8960,5,DIL6,
8198,DIL7,BOOL,True,flag,True,0,1,DIL7 digital input,1,holding,1,status,io_status,8960,6,DIL7,
8199,DIL8,BOOL,True,flag,True,0,1,DIL8 digital input,1,holding,1,status,io_status,8960,7,DIL8,
8200,DIL9,BOOL,True,flag,True,0,1,DIL9 digital input,1,holding,1,status,io_status,8960,8,DIL9,
8201,DIL10,BOOL,True,flag,True,0,1,DIL10 digital input,1,holding,1,status,io_status,8960,9,DIL10,
8202,DIL11,BOOL,True,flag,True,0,1,DIL11 digital input,1,holding,1,status,io_status,8960,10,DIL11,
8203,DIL12,BOOL,True,flag,True,0,1,DIL12 digital input,1,holding,1,status,io_status,8960,11,DIL12,
8336,AIL1,INT,222,digit,-32768,,,AIL1 analogue input,1,holding,1,analog,io_status,8960,12,AIL1,
8337,AIL2,INT,-32768,digit,-32768,,,AIL2 analogue input,1,holding,1,analog,io_status,8960,13,AIL2,
8338,AIL3,INT,-32768,digit,-32768,,,AIL3 analogue input,1,holding,1,analog,io_status,8960,14,AIL3,
8339,AIL4,INT,-32768,digit,-32768,,,AIL4 analogue input,1,holding,1,analog,io_status,8960,15,AIL4,
8340,AIL5,INT,-32768,digit,-32768,,,AIL5 analogue input,1,holding,1,analog,io_status,8960,16,AIL5,
8341,AIL6,INT,-32768,digit,-32768,,,AIL6 analogue input,1,holding,1,analog,io_status,8960,17,AIL6,
8342,AIL7,INT,-32768,digit,-32768,,,AIL7 analogue input,1,holding,1,analog,io_status,8960,18,AIL7,
8343,AIL8,INT,-32768,digit,-32768,,,AIL8 analogue input,1,holding,1,analog,io_status,8960,19,AIL8,
8344,AIL9,INT,-32768,digit,-32768,,,AIL9 analogue input,1,holding,1,analog,io_status,8960,20,AIL9,
8345,AIL10,INT,-32768,digit,-32768,,,AIL10 analogue input,1,holding,1,analog,io_status,8960,21,AIL10,
8346,AIL11,INT,-32768,digit,-32768,,,AIL11 analogue input,1,holding,1,analog,io_status,8960,22,AIL11,
8347,AIL12,INT,-32768,digit,-32768,,,AIL12 analogue input,1,holding,1,analog,io_status,8960,23,AIL12,
8448,AOL1,REAL,0.0,%,0.0,,,AOL1 analogue output,1,holding,0,analog,io_status,8960,24,AOL1,
8449,AOL2,REAL,0.0,%,0.0,,,AOL2 analogue output,1,holding,0,analog,io_status,8960,25,AOL2,
8450,AOL3,REAL,0.0,%,0.0,,,AOL3 analogue output,1,holding,0,analog,io_status,8960,26,AOL3,
8451,AOL4,REAL,0.0,%,0.0,,,AOL4 analogue output,1,holding,0,analog,io_status,8960,27,AOL4,
8452,AOL5,REAL,0.0,%,0.0,,,AOL5 analogue output,1,holding,0,analog,io_status,8960,28,AOL5,
8453,AOL6,REAL,0.0,%,0.0,,,AOL6 analogue output,1,holding,0,analog,io_status,8960,29,AOL6,
8528,DOL1,BOOL,True,flag,True,0,1,DOL1 digital output,1,holding,0,status,io_status,8960,30,DOL1,
8529,DOL2,BOOL,True,flag,True,0,1,DOL2 digital output,1,holding,0,status,io_status,8960,31,DOL2,
8530,DOL3,BOOL,True,flag,True,0,1,DOL3 digital output,1,holding,0,status,io_status,8960,32,DOL3,
8531,DOL4,BOOL,True,flag,True,0,1,DOL4 digital output,1,holding,0,status,io_status,8960,33,DOL4,
8532,DOL5,BOOL,True,flag,True,0,1,DOL5 digital output,1,holding,0,status,io_status,8960,34,DOL5,
8533,DOL6,BOOL,True,flag,True,0,1,DOL6 digital output,1,holding,0,status,io_status,8960,35,DOL6,
8534,DOL7,BOOL,True,flag,True,0,1,DOL7 digital output,1,holding,0,status,io_status,8960,36,DOL7,
8535,DOL8,BOOL,True,flag,True,0,1,DOL8 digital output,1,holding,0,status,io_status,8960,37,DOL8,
8536,DOL9,BOOL,True,flag,True,0,1,DOL9 digital output,1,holding,0,status,io_status,8960,38,DOL9,
8537,DOL10,BOOL,True,flag,True,0,1,DOL10 digital output,1,holding,0,status,io_status,8960,39,DOL10,
8538,DOL11,BOOL,True,flag,True,0,1,DOL11 digital output,1,holding,0,status,io_status,8960,40,DOL11,
8539,DOL12,BOOL,True,flag,True,0,1,DOL12 digital output,1,holding,0,status,io_status,8960,41,DOL12,
8640,LED1,enum,0=Off,num,0=Off,0,2,Led green,1,holding,0,configuration,,,,,
8641,LED2,enum,0=Off,num,0=Off,0,2,Led red,1,holding,0,configuration,,,,,
8642,LED3,enum,0=Off,num,0=Off,0,2,Led yellow,1,holding,0,configuration,,,,,
8716,Deep_PowerDown_keyword,UINT,0,num,0,0,65535,Put keyword 12345 to enable deep power down mode at power-off,1,holding,0,configuration,,,,,
8717,microSD_command,enum,0=No command,num,0=No command,0,2,microSD Command,1,holding,0,configuration,,,,,
8718,microSD_status,enum,0=Command completed,num,0=Command completed,0,255,Result of microSD command,1,holding,1,diagnostic,,,,,
8719,microSD_presence,BOOL,True,flag,True,0,1,microSD presence,1,holding,1,configuration,,,,,
8720,BACKLIGHT,enum,0=Off,num,0=Off,0,4,Display backlight,1,holding,0,configuration,,,,,
8736,sysClock_seconds,USINT,42,sec,0,0,59,Second value,1,holding,1,diagnostic,,,,,
8737,sysClock_minutes,USINT,36,min,0,0,59,Minute value,1,holding,1,diagnostic,,,,,
8738,sysClock_hours,USINT,2,hours,0,0,23,Hour value,1,holding,1,diagnostic,,,,,
8739,sysClock_dayweek,USINT,3,num,0,0,6,Day of week value,1,holding,1,diagnostic,,,,,
8740,sysClock_daymonth,USINT,15,num,1,1,31,Day of the month value,1,holding,1,diagnostic,,,,,
8741,sysClock_month,USINT,4,num,1,1,12,Month value,1,holding,1,diagnostic,,,,,
8742,sysClock_year,USINT,25,num,0,10,99,Year value,1,holding,1,diagnostic,,,,,
8743,sysClock_Error,BOOL,True,flag,True,0,1,RTC not inizialized,1,holding,1,diagnostic,,,,,
8744,sysClockSet_seconds,USINT,0,sec,0,0,59,Second value (write),1,holding,0,configuration,,,,,
8745,sysClockSet_minutes,USINT,0,min,0,0,59,Minute value (write),1,holding,0,configuration,,,,,
8746,sysClockSet_hours,USINT,0,hours,0,0,23,Hour value (write),1,holding,0,configuration,,,,,
8747,sysClockSet_dayweek,USINT,0,num,0,0,6,Day of week value (write),1,holding,0,configuration,,,,,
8748,sysClockSet_daymonth,USINT,19,num,1,1,31,Day of the month value (write),1,holding,0,configuration,,,,,
8749,sysClockSet_month,USINT,3,num,1,1,12,Month value (write),1,holding,0,configuration,,,,,
8750,sysClockSet_year,USINT,20,num,0,10,99,Year value (write),1,holding,0,configuration,,,,,
8751,sysClockSet_Upload,BOOL,True,flag,True,0,1,RTC upload,1,holding,0,configuration,,,,,
8752,FDI1_counter,UDINT,0,num,0,,,FDI1 input counter,2,holding,1,counter,io_status,8960,42,DIL1,
8754,FDI1_frequency,REAL,0.0,Hz,0.0,,,FDI1 input frequency,2,holding,0,interface_configuration,,,,DIL1,
8756,USB_Host_command,enum,0=No command,num,0=No command,0,218,USB-Host Command,2,holding,0,configuration,,,,,
8758,USB_Host_status,enum,0=Command completed,num,0=Command completed,0,255,Result of USB-Host command,2,holding,1,diagnostic,,,,,
8760,FDI1_value,BOOL,True,flag,True,0,1,FDI1 digital input,1,holding,1,status,,,,DIL1,
8761,FDI1_reset_counter,BOOL,True,flag,True,0,1,FDI1 reset input counter value,3,holding,0,interface_configuration,,,,DIL1,
8764,Ip_1_CURRENT,UINT,10,num,10,0,255,Ethernet IP address (1 st part),1,holding,0,configuration,,,,,
8765,Ip_2_CURRENT,UINT,0,num,0,0,255,Ethernet IP address (2 nd part),1,holding,0,configuration,,,,,
8766,Ip_3_CURRENT,UINT,0,num,0,0,255,Ethernet IP address (3 rd part),1,holding,0,configuration,,,,,
8767,Ip_4_CURRENT,UINT,100,num,100,0,255,Ethernet IP address (4 th part),1,holding,0,configuration,,,,,
8898,FDI2_counter,UDINT,0,num,0,,,FDI2 input counter,2,holding,1,counter,io_status,8960,43,DIL2,
8900,FDI2_frequency,REAL,0.0,Hz,0.0,,,FDI2 input frequency,2,holding,0,interface_configuration,,,,DIL2,
8902,FDI2_value,BOOL,True,flag,True,0,1,FDI2 digital input,1,holding,1,status,,,,DIL2,
8903,FDI2_reset_counter,BOOL,True,flag,True,0,1,FDI2 reset input counter value,2,holding,0,interface_configuration,,,,DIL2,
8905,DefGtwy_1_CURRENT,UINT,10,num,10,0,255,Default Gateway (1 st part),1,holding,0,configuration,,,,,
8906,DefGtwy_2_CURRENT,UINT,0,num,0,0,255,Default Gateway (2 nd part),1,holding,0,configuration,,,,,
8907,DefGtwy_3_CURRENT,UINT,0,num,0,0,255,Default Gateway (3 rd part),1,holding,0,configuration,,,,,
8908,DefGtwy_4_CURRENT,UINT,1,num,1,0,255,Default Gateway (4 th part),1,holding,0,configuration,,,,,
8909,NetMsk_1_CURRENT,UINT,255,num,255,0,255,Net mask (1 st part),1,holding,0,configuration,,,,,
8910,NetMsk_2_CURRENT,UINT,255,num,255,0,255,Net mask (2 nd part),1,holding,0,configuration,,,,,
8911,NetMsk_3_CURRENT,UINT,255,num,255,0,255,Net mask (3 rd part),1,holding,0,configuration,,,,,
8912,NetMsk_4_CURRENT,UINT,0,num,0,0,255,Net mask (4 th part),1,holding,0,configuration,,,,,
8913,PriDNS_1_CURRENT,UINT,8,num,8,0,255,Primary DNS server (1 st part),1,holding,0,configuration,,,,,
8914,PriDNS_2_CURRENT,UINT,8,num,8,0,255,Primary DNS server (2 nd part),1,holding,0,configuration,,,,,
8915,PriDNS_3_CURRENT,UINT,8,num,8,0,255,Primary DNS server (3 rd part),1,holding,0,configuration,,,,,
8916,PriDNS_4_CURRENT,UINT,8,num,8,0,255,Primary DNS server (4 th part),1,holding,0,configuration,,,,,
8917,SecDNS_1_CURRENT,UINT,8,num,8,0,255,Secondary DNS server (1 st part),1,holding,0,configuration,,,,,
8918,SecDNS_2_CURRENT,UINT,8,num,8,0,255,Secondary DNS server (2 nd part),1,holding,0,configuration,,,,,
8919,SecDNS_3_CURRENT,UINT,4,num,4,0,255,Secondary DNS server (3 rd part),1,holding,0,configuration,,,,,
8920,SecDNS_4_CURRENT,UINT,4,num,4,0,255,Secondary DNS server (4 th part),1,holding,0,configuration,,,,,
8921,HTTP_AdminPswOld,STRING,***************,,***************,,,HTTP_AdminPswOld,8,holding,0,configuration,,,,,
8929,HTTP_AdminPswNew,STRING,***************,,***************,,,HTTP_AdminPswNew,8,holding,0,configuration,,,,,
8937,HTTP_AdminPswConfirm,BOOL,True,flag,True,0,1,HTTP_AdminPswConfirm,1,holding,0,configuration,,,,,
8938,HTTP_AdminUserName,STRING,***************,,administrator,,,HTTP_AdminUserName,8,holding,0,configuration,,,,,
8946,HTTP_AdminPswConfirmStatus,enum,0=no operation or operation done correctly,num,0=no operation or operation done correctly,0,9,HTTP_AdminPswConfirmStatus,1,holding,0,diagnostic,,,,,
15726,Cfg_AI1,enum,0=NTC(NK103),num,2=NTC(103AT),0,11,Type of analogue input AI1,1,holding,0,interface_configuration,,,,AIL1,
15727,Cfg_AI2,enum,2=NTC(103AT),num,2=NTC(103AT),0,11,Type of analogue input AI2,1,holding,0,interface_configuration,,,,AIL2,
15728,Cfg_AI3,enum,2=NTC(103AT),num,2=NTC(103AT),0,11,Type of analogue input AI3,1,holding,0,interface_configuration,,,,AIL3,
15729,Cfg_AI4,enum,2=NTC(103AT),num,2=NTC(103AT),0,11,Type of analogue input AI4,1,holding,0,interface_configuration,,,,AIL4,
15730,Cfg_AI5,enum,2=NTC(103AT),num,2=NTC(103AT),0,11,Type of analogue input AI5,1,holding,0,interface_configuration,,,,AIL5,
15731,Cfg_AI6,enum,2=NTC(103AT),num,2=NTC(103AT),0,11,Type of analogue input AI6,1,holding,0,interface_configuration,,,,AIL6,
16100,Cfg_AI7,enum,2=NTC(103AT),num,2=NTC(103AT),0,11,Type of analogue input AI7,1,holding,0,interface_configuration,,,,AIL7,
16101,Cfg_AI8,enum,2=NTC(103AT),num,2=NTC(103AT),0,11,Type of analogue input AI8,1,holding,0,interface_configuration,,,,AIL8,
16102,Cfg_AI9,enum,2=NTC(103AT),num,2=NTC(103AT),0,11,Type of analogue input AI9,1,holding,0,interface_configuration,,,,AIL9,
16103,Cfg_AI10,enum,2=NTC(103AT),num,2=NTC(103AT),0,11,Type of analogue input AI10,1,holding,0,interface_configuration,,,,AIL10,
16104,Cfg_AI11,enum,2=NTC(103AT),num,2=NTC(103AT),0,11,Type of analogue input AI11,1,holding,0,interface_configuration,,,,AIL11,
16105,Cfg_AI12,enum,2=NTC(103AT),num,2=NTC(103AT),0,11,Type of analogue input AI12,1,holding,0,interface_configuration,,,,AIL12,
15524,Gain_Ntc_AI1,UINT,32768,num,32768,0,65535,NTC calibration gain AI1,1,holding,0,interface_configuration,,,,AIL1,
15525,Gain_PT1000_AI1,UINT,32768,num,32768,0,65535,PT1000 calibration gain AI1,1,holding,0,interface_configuration,,,,AIL1,
15526,Gain_5Vr_AI1,UINT,32068,num,32768,0,65535,0-5Vr calibration gain AI1,1,holding,0,interface_configuration,,,,AIL1,
15527,Gain_10V_AI1,UINT,32768,num,32768,0,65535,0-10V calibration gain AI1,1,holding,0,interface_configuration,,,,AIL1,
15528,Gain_mA_AI1,UINT,31060,num,32768,0,65535,4-20mA calibration gain AI1,1,holding,0,interface_configuration,,,,AIL1,
15529,Gain_5V_AI1,UINT,32271,num,32768,0,65535,0-5V calibration gain AI1,1,holding,0,interface_configuration,,,,AIL1,
15530,Gain_PTC_AI1,UINT,32768,num,32768,0,65535,PTC calibration gain AI1,1,holding,0,interface_configuration,,,,AIL1,
15531,Gain_Ntc_AI2,UINT,32768,num,32768,0,65535,NTC calibration gain AI2,1,holding,0,interface_configuration,,,,AIL2,
15532,Gain_PT1000_AI2,UINT,32768,num,32768,0,65535,PT1000 calibration gain AI2,1,holding,0,interface_configuration,,,,AIL2,
15533,Gain_5Vr_AI2,UINT,32127,num,32768,0,65535,0-5Vr calibration gain AI2,1,holding,0,interface_configuration,,,,AIL2,
15534,Gain_10V_AI2,UINT,32768,num,32768,0,65535,0-10V calibration gain AI2,1,holding,0,interface_configuration,,,,AIL2,
15535,Gain_mA_AI2,UINT,30963,num,32768,0,65535,4-20mA calibration gain AI2,1,holding,0,interface_configuration,,,,AIL2,
15536,Gain_5V_AI2,UINT,32333,num,32768,0,65535,0-5V calibration gain AI2,1,holding,0,interface_configuration,,,,AIL2,
15537,Gain_PTC_AI2,UINT,32768,num,32768,0,65535,PTC calibration gain AI2,1,holding,0,interface_configuration,,,,AIL2,
15538,Gain_Ntc_AI3,UINT,32768,num,32768,0,65535,NTC calibration gain AI3,1,holding,0,interface_configuration,,,,AIL3,
15539,Gain_PT1000_AI3,UINT,32768,num,32768,0,65535,PT1000 calibration gain AI3,1,holding,0,interface_configuration,,,,AIL3,
15540,Gain_5Vr_AI3,UINT,32097,num,32768,0,65535,0-5Vr calibration gain AI3,1,holding,0,interface_configuration,,,,AIL3,
15541,Gain_10V_AI3,UINT,32768,num,32768,0,65535,0-10V calibration gain AI3,1,holding,0,interface_configuration,,,,AIL3,
15542,Gain_mA_AI3,UINT,31053,num,32768,0,65535,4-20mA calibration gain AI3,1,holding,0,interface_configuration,,,,AIL3,
15543,Gain_5V_AI3,UINT,32300,num,32768,0,65535,0-5V calibration gain AI3,1,holding,0,interface_configuration,,,,AIL3,
15544,Gain_PTC_AI3,UINT,32768,num,32768,0,65535,PTC calibration gain AI3,1,holding,0,interface_configuration,,,,AIL3,
15545,Gain_Ntc_AI4,UINT,32768,num,32768,0,65535,NTC calibration gain AI4,1,holding,0,interface_configuration,,,,AIL4,
15546,Gain_PT1000_AI4,UINT,32768,num,32768,0,65535,PT1000 calibration gain AI4,1,holding,0,interface_configuration,,,,AIL1,
15547,Gain_5Vr_AI4,UINT,32083,num,32768,0,65535,0-5Vr calibration gain AI4,1,holding,0,interface_configuration,,,,AIL4,
15548,Gain_10V_AI4,UINT,32768,num,32768,0,65535,0-10V calibration gain AI4,1,holding,0,interface_configuration,,,,AIL4,
15549,Gain_mA_AI4,UINT,31002,num,32768,0,65535,4-20mA calibration gain AI4,1,holding,0,interface_configuration,,,,AIL4,
15550,Gain_5V_AI4,UINT,32287,num,32768,0,65535,0-5V calibration gain AI4,1,holding,0,interface_configuration,,,,AIL4,
15551,Gain_PTC_AI4,UINT,32768,num,32768,0,65535,PTC calibration gain AI4,1,holding,0,interface_configuration,,,,AIL4,
15552,Gain_Ntc_AI5,UINT,32768,num,32768,0,65535,NTC calibration gain AI5,1,holding,0,interface_configuration,,,,AIL5,
15553,Gain_PT1000_AI5,UINT,32768,num,32768,0,65535,PT1000 calibration gain AI5,1,holding,0,interface_configuration,,,,AIL5,
15554,Gain_5Vr_AI5,UINT,32096,num,32768,0,65535,0-5Vr calibration gain AI5,1,holding,0,interface_configuration,,,,AIL5,
15555,Gain_10V_AI5,UINT,32768,num,32768,0,65535,0-10V calibration gain AI5,1,holding,0,interface_configuration,,,,AIL5,
15556,Gain_mA_AI5,UINT,31005,num,32768,0,65535,4-20mA calibration gain AI5,1,holding,0,interface_configuration,,,,AIL5,
15557,Gain_5V_AI5,UINT,32295,num,32768,0,65535,0-5V calibration gain AI5,1,holding,0,interface_configuration,,,,AIL5,
15558,Gain_PTC_AI5,UINT,32768,num,32768,0,65535,PTC calibration gain AI5,1,holding,0,interface_configuration,,,,AIL5,
15559,Gain_Ntc_AI6,UINT,32768,num,32768,0,65535,NTC calibration gain AI6,1,holding,0,interface_configuration,,,,AIL6,
15560,Gain_PT1000_AI6,UINT,32768,num,32768,0,65535,PT1000 calibration gain AI6,1,holding,0,interface_configuration,,,,AIL6,
15561,Gain_5Vr_AI6,UINT,32099,num,32768,0,65535,0-5Vr calibration gain AI6,1,holding,0,interface_configuration,,,,AIL6,
15562,Gain_10V_AI6,UINT,32768,num,32768,0,65535,0-10V calibration gain AI6,1,holding,0,interface_configuration,,,,AIL6,
15563,Gain_mA_AI6,UINT,31116,num,32768,0,65535,4-20mA calibration gain AI6,1,holding,0,interface_configuration,,,,AIL6,
15564,Gain_5V_AI6,UINT,32299,num,32768,0,65535,0-5V calibration gain AI6,1,holding,0,interface_configuration,,,,AIL6,
15565,Gain_PTC_AI6,UINT,32768,num,32768,0,65535,PTC calibration gain AI6,1,holding,0,interface_configuration,,,,AIL6,
15566,Gain_Ntc_AI7,UINT,32768,num,32768,0,65535,NTC calibration gain AI7,1,holding,0,interface_configuration,,,,AIL7,
15567,Gain_PT1000_AI7,UINT,32768,num,32768,0,65535,PT1000 calibration gain AI7,1,holding,0,interface_configuration,,,,AIL7,
15568,Gain_5Vr_AI7,UINT,32088,num,32768,0,65535,0-5Vr calibration gain AI7,1,holding,0,interface_configuration,,,,AIL7,
15569,Gain_10V_AI7,UINT,32142,num,32768,0,65535,0-10V calibration gain AI7,1,holding,0,interface_configuration,,,,AIL7,
15570,Gain_mA_AI7,UINT,30962,num,32768,0,65535,4-20mA calibration gain AI7,1,holding,0,interface_configuration,,,,AIL7,
15571,Gain_5V_AI7,UINT,32286,num,32768,0,65535,0-5V calibration gain AI7,1,holding,0,interface_configuration,,,,AIL7,
15572,Gain_PTC_AI7,UINT,32768,num,32768,0,65535,PTC calibration gain AI7,1,holding,0,interface_configuration,,,,AIL7,
15573,Gain_Ntc_AI8,UINT,32768,num,32768,0,65535,NTC calibration gain AI8,1,holding,0,interface_configuration,,,,AIL8,
15574,Gain_PT1000_AI8,UINT,32768,num,32768,0,65535,PT1000 calibration gain AI8,1,holding,0,interface_configuration,,,,AIL8,
15575,Gain_5Vr_AI8,UINT,32088,num,32768,0,65535,0-5Vr calibration gain AI8,1,holding,0,interface_configuration,,,,AIL8,
15576,Gain_10V_AI8,UINT,32768,num,32768,0,65535,0-10V calibration gain AI8,1,holding,0,interface_configuration,,,,AIL8,
15577,Gain_mA_AI8,UINT,31090,num,32768,0,65535,4-20mA calibration gain AI8,1,holding,0,interface_configuration,,,,AIL8,
15578,Gain_5V_AI8,UINT,32283,num,32768,0,65535,0-5V calibration gain AI8,1,holding,0,interface_configuration,,,,AIL8,
15579,Gain_PTC_AI8,UINT,32768,num,32768,0,65535,PTC calibration gain AI8,1,holding,0,interface_configuration,,,,AIL8,
15580,Gain_Ntc_AI9,UINT,32768,num,32768,0,65535,NTC calibration gain AI9,1,holding,0,interface_configuration,,,,AIL9,
15581,Gain_PT1000_AI9,UINT,32768,num,32768,0,65535,PT1000 calibration gain AI9,1,holding,0,interface_configuration,,,,AIL9,
15582,Gain_5Vr_AI9,UINT,32095,num,32768,0,65535,0-5Vr calibration gain AI9,1,holding,0,interface_configuration,,,,AIL9,
15583,Gain_10V_AI9,UINT,32247,num,32768,0,65535,0-10V calibration gain AI9,1,holding,0,interface_configuration,,,,AIL9,
15584,Gain_mA_AI9,UINT,30983,num,32768,0,65535,4-20mA calibration gain AI9,1,holding,0,interface_configuration,,,,AIL9,
15585,Gain_5V_AI9,UINT,32292,num,32768,0,65535,0-5V calibration gain AI9,1,holding,0,interface_configuration,,,,AIL9,
15586,Gain_PTC_AI9,UINT,32768,num,32768,0,65535,PTC calibration gain AI9,1,holding,0,interface_configuration,,,,AIL9,
15587,Gain_Ntc_AI10,UINT,32768,num,32768,0,65535,NTC calibration gain AI10,1,holding,0,interface_configuration,,,,AIL10,
15588,Gain_PT1000_AI10,UINT,32768,num,32768,0,65535,PT1000 calibration gain AI10,1,holding,0,interface_configuration,,,,AIL10,
15589,Gain_5Vr_AI10,UINT,32077,num,32768,0,65535,0-5Vr calibration gain AI10,1,holding,0,interface_configuration,,,,AIL10,
15590,Gain_10V_AI10,UINT,32768,num,32768,0,65535,0-10V calibration gain AI10,1,holding,0,interface_configuration,,,,AIL10,
15591,Gain_mA_AI10,UINT,31012,num,32768,0,65535,4-20mA calibration gain AI10,1,holding,0,interface_configuration,,,,AIL10,
15592,Gain_5V_AI10,UINT,32273,num,32768,0,65535,0-5V calibration gain AI10,1,holding,0,interface_configuration,,,,AIL10,
15593,Gain_PTC_AI10,UINT,32768,num,32768,0,65535,PTC calibration gain AI10,1,holding,0,interface_configuration,,,,AIL10,
15594,Gain_Ntc_AI11,UINT,32768,num,32768,0,65535,NTC calibration gain AI11,1,holding,0,interface_configuration,,,,AIL11,
15595,Gain_PT1000_AI11,UINT,32768,num,32768,0,65535,PT1000 calibration gain AI11,1,holding,0,interface_configuration,,,,AIL11,
15596,Gain_5Vr_AI11,UINT,32048,num,32768,0,65535,0-5Vr calibration gain AI11,1,holding,0,interface_configuration,,,,AIL11,
15597,Gain_10V_AI11,UINT,32768,num,32768,0,65535,0-10V calibration gain AI11,1,holding,0,interface_configuration,,,,AIL11,
15598,Gain_mA_AI11,UINT,30955,num,32768,0,65535,4-20mA calibration gain AI11,1,holding,0,interface_configuration,,,,AIL11,
15599,Gain_5V_AI11,UINT,32245,num,32768,0,65535,0-5V calibration gain AI11,1,holding,0,interface_configuration,,,,AIL11,
15600,Gain_PTC_AI11,UINT,32768,num,32768,0,65535,PTC calibration gain AI11,1,holding,0,interface_configuration,,,,AIL11,
15601,Gain_Ntc_AI12,UINT,32768,num,32768,0,65535,NTC calibration gain AI12,1,holding,0,interface_configuration,,,,AIL12,
15602,Gain_PT1000_AI12,UINT,32768,num,32768,0,65535,PT1000 calibration gain AI12,1,holding,0,interface_configuration,,,,AIL12,
15603,Gain_5Vr_AI12,UINT,32104,num,32768,0,65535,0-5Vr calibration gain AI12,1,holding,0,interface_configuration,,,,AIL12,
15604,Gain_10V_AI12,UINT,32768,num,32768,0,65535,0-10V calibration gain AI12,1,holding,0,interface_configuration,,,,AIL12,
15605,Gain_mA_AI12,UINT,30975,num,32768,0,65535,4-20mA calibration gain AI12,1,holding,0,interface_configuration,,,,AIL12,
15606,Gain_5V_AI12,UINT,32302,num,32768,0,65535,0-5V calibration gain AI12,1,holding,0,interface_configuration,,,,AIL12,
15607,Gain_PTC_AI12,UINT,32768,num,32768,0,65535,PTC calibration gain AI12,1,holding,0,interface_configuration,,,,AIL12,
15608,Offs_Ntc_AI1,INT,0,num,0,-32768,32767,NTC calibration offset AI1,1,holding,0,interface_configuration,,,,AIL1,
15609,Offs_PT1000_AI1,INT,0,num,0,-32768,32767,PT1000 calibration offset AI1,1,holding,0,interface_configuration,,,,AIL1,
15610,Offs_5Vr_AI1,INT,0,num,0,-32768,32767,0-5Vr calibration offset AI1,1,holding,0,interface_configuration,,,,AIL1,
15611,Offs_10V_AI1,INT,0,num,0,-32768,32767,0-10V calibration offset AI1,1,holding,0,interface_configuration,,,,AIL1,
15612,Offs_mA_AI1,INT,0,num,0,-32768,32767,4-20mA calibration offset AI1,1,holding,0,interface_configuration,,,,AIL1,
15613,Offs_5V_AI1,INT,0,num,0,-32768,32767,0-5V calibration offset AI1,1,holding,0,interface_configuration,,,,AIL1,
15614,Offs_PTC_AI1,INT,0,num,0,-32768,32767,PTC calibration offset AI1,1,holding,0,interface_configuration,,,,AIL1,
15615,Offs_Ntc_AI2,INT,0,num,0,-32768,32767,NTC calibration offset AI2,1,holding,0,interface_configuration,,,,AIL2,
15616,Offs_PT1000_AI2,INT,0,num,0,-32768,32767,PT1000 calibration offset AI2,1,holding,0,interface_configuration,,,,AIL2,
15617,Offs_5Vr_AI2,INT,0,num,0,-32768,32767,0-5Vr calibration offset AI2,1,holding,0,interface_configuration,,,,AIL2,
15618,Offs_10V_AI2,INT,0,num,0,-32768,32767,0-10V calibration offset AI2,1,holding,0,interface_configuration,,,,AIL2,
15619,Offs_mA_AI2,INT,0,num,0,-32768,32767,4-20mA calibration offset AI2,1,holding,0,interface_configuration,,,,AIL2,
15620,Offs_5V_AI2,INT,0,num,0,-32768,32767,0-5V calibration offset AI2,1,holding,0,interface_configuration,,,,AIL2,
15621,Offs_PTC_AI2,INT,0,num,0,-32768,32767,PTC calibration offset AI2,1,holding,0,interface_configuration,,,,AIL2,
15622,Offs_Ntc_AI3,INT,0,num,0,-32768,32767,NTC calibration offset AI3,1,holding,0,interface_configuration,,,,AIL3,
15623,Offs_PT1000_AI3,INT,0,num,0,-32768,32767,PT1000 calibration offset AI3,1,holding,0,interface_configuration,,,,AIL3,
15624,Offs_5Vr_AI3,INT,0,num,0,-32768,32767,0-5Vr calibration offset AI3,1,holding,0,interface_configuration,,,,AIL3,
15625,Offs_10V_AI3,INT,0,num,0,-32768,32767,0-10V calibration offset AI3,1,holding,0,interface_configuration,,,,AIL3,
15626,Offs_mA_AI3,INT,0,num,0,-32768,32767,4-20mA calibration offset AI3,1,holding,0,interface_configuration,,,,AIL3,
15627,Offs_5V_AI3,INT,0,num,0,-32768,32767,0-5V calibration offset AI3,1,holding,0,interface_configuration,,,,AIL3,
15628,Offs_PTC_AI3,INT,0,num,0,-32768,32767,PTC calibration offset AI3,1,holding,0,interface_configuration,,,,AIL3,
15629,Offs_Ntc_AI4,INT,0,num,0,-32768,32767,NTC calibration offset AI4,1,holding,0,interface_configuration,,,,AIL4,
15630,Offs_PT1000_AI4,INT,0,num,0,-32768,32767,PT1000 calibration offset AI4,1,holding,0,interface_configuration,,,,AIL4,
15631,Offs_5Vr_AI4,INT,0,num,0,-32768,32767,0-5Vr calibration offset AI4,1,holding,0,interface_configuration,,,,AIL4,
15632,Offs_10V_AI4,INT,0,num,0,-32768,32767,0-10V calibration offset AI4,1,holding,0,interface_configuration,,,,AIL4,
15633,Offs_mA_AI4,INT,0,num,0,-32768,32767,4-20mA calibration offset AI4,1,holding,0,interface_configuration,,,,AIL4,
15634,Offs_5V_AI4,INT,0,num,0,-32768,32767,0-5V calibration offset AI4,1,holding,0,interface_configuration,,,,AIL4,
15635,Offs_PTC_AI4,INT,0,num,0,-32768,32767,PTC calibration offset AI4,1,holding,0,interface_configuration,,,,AIL4,
15636,Offs_Ntc_AI5,INT,0,num,0,-32768,32767,NTC calibration offset AI5,1,holding,0,interface_configuration,,,,AIL5,
15637,Offs_PT1000_AI5,INT,0,num,0,-32768,32767,PT1000 calibration offset AI5,1,holding,0,interface_configuration,,,,AIL5,
15638,Offs_5Vr_AI5,INT,0,num,0,-32768,32767,0-5Vr calibration offset AI5,1,holding,0,interface_configuration,,,,AIL5,
15639,Offs_10V_AI5,INT,0,num,0,-32768,32767,0-10V calibration offset AI5,1,holding,0,interface_configuration,,,,AIL5,
15640,Offs_mA_AI5,INT,0,num,0,-32768,32767,4-20mA calibration offset AI5,1,holding,0,interface_configuration,,,,AIL5,
15641,Offs_5V_AI5,INT,0,num,0,-32768,32767,0-5V calibration offset AI5,1,holding,0,interface_configuration,,,,AIL5,
15642,Offs_PTC_AI5,INT,0,num,0,-32768,32767,PTC calibration offset AI5,1,holding,0,interface_configuration,,,,AIL5,
15643,Offs_Ntc_AI6,INT,0,num,0,-32768,32767,NTC calibration offset AI6,1,holding,0,interface_configuration,,,,AIL6,
15644,Offs_PT1000_AI6,INT,0,num,0,-32768,32767,PT1000 calibration offset AI6,1,holding,0,interface_configuration,,,,AIL6,
15645,Offs_5Vr_AI6,INT,0,num,0,-32768,32767,0-5Vr calibration offset AI6,1,holding,0,interface_configuration,,,,AIL6,
15646,Offs_10V_AI6,INT,0,num,0,-32768,32767,0-10V calibration offset AI6,1,holding,0,interface_configuration,,,,AIL6,
15647,Offs_mA_AI6,INT,0,num,0,-32768,32767,4-20mA calibration offset AI6,1,holding,0,interface_configuration,,,,AIL6,
15648,Offs_5V_AI6,INT,0,num,0,-32768,32767,0-5V calibration offset AI6,1,holding,0,interface_configuration,,,,AIL6,
15649,Offs_PTC_AI6,INT,0,num,0,-32768,32767,PTC calibration offset AI6,1,holding,0,interface_configuration,,,,AIL6,
15650,Offs_Ntc_AI7,INT,0,num,0,-32768,32767,NTC calibration offset AI7,1,holding,0,interface_configuration,,,,AIL7,
15651,Offs_PT1000_AI7,INT,0,num,0,-32768,32767,PT1000 calibration offset AI7,1,holding,0,interface_configuration,,,,AIL7,
15652,Offs_5Vr_AI7,INT,0,num,0,-32768,32767,0-5Vr calibration offset AI7,1,holding,0,interface_configuration,,,,AIL7,
15653,Offs_10V_AI7,INT,0,num,0,-32768,32767,0-10V calibration offset AI7,1,holding,0,interface_configuration,,,,AIL7,
15654,Offs_mA_AI7,INT,0,num,0,-32768,32767,4-20mA calibration offset AI7,1,holding,0,interface_configuration,,,,AIL7,
15655,Offs_5V_AI7,INT,0,num,0,-32768,32767,0-5V calibration offset AI7,1,holding,0,interface_configuration,,,,AIL7,
15656,Offs_PTC_AI7,INT,0,num,0,-32768,32767,PTC calibration offset AI7,1,holding,0,interface_configuration,,,,AIL7,
15657,Offs_Ntc_AI8,INT,0,num,0,-32768,32767,NTC calibration offset AI8,1,holding,0,interface_configuration,,,,AIL8,
15658,Offs_PT1000_AI8,INT,0,num,0,-32768,32767,PT1000 calibration offset AI8,1,holding,0,interface_configuration,,,,AIL8,
15659,Offs_5Vr_AI8,INT,0,num,0,-32768,32767,0-5Vr calibration offset AI8,1,holding,0,interface_configuration,,,,AIL8,
15660,Offs_10V_AI8,INT,0,num,0,-32768,32767,0-10V calibration offset AI8,1,holding,0,interface_configuration,,,,AIL8,
15661,Offs_mA_AI8,INT,0,num,0,-32768,32767,4-20mA calibration offset AI8,1,holding,0,interface_configuration,,,,AIL8,
15662,Offs_5V_AI8,INT,0,num,0,-32768,32767,0-5V calibration offset AI8,1,holding,0,interface_configuration,,,,AIL8,
15663,Offs_PTC_AI8,INT,0,num,0,-32768,32767,PTC calibration offset AI8,1,holding,0,interface_configuration,,,,AIL8,
15664,Offs_Ntc_AI9,INT,0,num,0,-32768,32767,NTC calibration offset AI9,1,holding,0,interface_configuration,,,,AIL9,
15665,Offs_PT1000_AI9,INT,0,num,0,-32768,32767,PT1000 calibration offset AI9,1,holding,0,interface_configuration,,,,AIL9,
15666,Offs_5Vr_AI9,INT,0,num,0,-32768,32767,0-5Vr calibration offset AI9,1,holding,0,interface_configuration,,,,AIL9,
15667,Offs_10V_AI9,INT,0,num,0,-32768,32767,0-10V calibration offset AI9,1,holding,0,interface_configuration,,,,AIL9,
15668,Offs_mA_AI9,INT,0,num,0,-32768,32767,4-20mA calibration offset AI9,1,holding,0,interface_configuration,,,,AIL9,
15669,Offs_5V_AI9,INT,0,num,0,-32768,32767,0-5V calibration offset AI9,1,holding,0,interface_configuration,,,,AIL9,
15670,Offs_PTC_AI9,INT,0,num,0,-32768,32767,PTC calibration offset AI9,1,holding,0,interface_configuration,,,,AIL9,
15671,Offs_Ntc_AI10,INT,0,num,0,-32768,32767,NTC calibration offset AI10,1,holding,0,interface_configuration,,,,AIL10,
15672,Offs_PT1000_AI10,INT,0,num,0,-32768,32767,PT1000 calibration offset AI10,1,holding,0,interface_configuration,,,,AIL10,
15673,Offs_5Vr_AI10,INT,0,num,0,-32768,32767,0-5Vr calibration offset AI10,1,holding,0,interface_configuration,,,,AIL10,
15674,Offs_10V_AI10,INT,0,num,0,-32768,32767,0-10V calibration offset AI10,1,holding,0,interface_configuration,,,,AIL10,
15675,Offs_mA_AI10,INT,0,num,0,-32768,32767,4-20mA calibration offset AI10,1,holding,0,interface_configuration,,,,AIL10,
15676,Offs_5V_AI10,INT,0,num,0,-32768,32767,0-5V calibration offset AI10,1,holding,0,interface_configuration,,,,AIL10,
15677,Offs_PTC_AI10,INT,0,num,0,-32768,32767,PTC calibration offset AI10,1,holding,0,interface_configuration,,,,AIL10,
15678,Offs_Ntc_AI11,INT,0,num,0,-32768,32767,NTC calibration offset AI11,1,holding,0,interface_configuration,,,,AIL11,
15679,Offs_PT1000_AI11,INT,0,num,0,-32768,32767,PT1000 calibration offset AI11,1,holding,0,interface_configuration,,,,AIL11,
15680,Offs_5Vr_AI11,INT,0,num,0,-32768,32767,0-5Vr calibration offset AI11,1,holding,0,interface_configuration,,,,AIL11,
15681,Offs_10V_AI11,INT,0,num,0,-32768,32767,0-10V calibration offset AI11,1,holding,0,interface_configuration,,,,AIL11,
15682,Offs_mA_AI11,INT,0,num,0,-32768,32767,4-20mA calibration offset AI11,1,holding,0,interface_configuration,,,,AIL11,
15683,Offs_5V_AI11,INT,0,num,0,-32768,32767,0-5V calibration offset AI11,1,holding,0,interface_configuration,,,,AIL11,
15684,Offs_PTC_AI11,INT,0,num,0,-32768,32767,PTC calibration offset AI11,1,holding,0,interface_configuration,,,,AIL11,
15685,Offs_Ntc_AI12,INT,0,num,0,-32768,32767,NTC calibration offset AI12,1,holding,0,interface_configuration,,,,AIL12,
15686,Offs_PT1000_AI12,INT,0,num,0,-32768,32767,PT1000 calibration offset AI12,1,holding,0,interface_configuration,,,,AIL12,
15687,Offs_5Vr_AI12,INT,0,num,0,-32768,32767,0-5Vr calibration offset AI12,1,holding,0,interface_configuration,,,,AIL12,
15688,Offs_10V_AI12,INT,0,num,0,-32768,32767,0-10V calibration offset AI12,1,holding,0,interface_configuration,,,,AIL12,
15689,Offs_mA_AI12,INT,0,num,0,-32768,32767,4-20mA calibration offset AI12,1,holding,0,interface_configuration,,,,AIL12,
15690,Offs_5V_AI12,INT,0,num,0,-32768,32767,0-5V calibration offset AI12,1,holding,0,interface_configuration,,,,AIL12,
15691,Offs_PTC_AI12,INT,0,num,0,-32768,32767,PTC calibration offset AI12,1,holding,0,interface_configuration,,,,AIL12,
15692,Gain_10V_AO1,UINT,29401,num,32768,0,65535,0-10V calibration gain AO1,1,holding,0,interface_configuration,,,,AOL1,
15693,Gain_mA_AO1,UINT,32768,num,32768,0,65535,4-20mA calibration gain AO1,1,holding,0,interface_configuration,,,,AOL1,
15694,Gain_10V_AO2,UINT,29502,num,32768,0,65535,0-10V calibration gain AO2,1,holding,0,interface_configuration,,,,AOL2,
15695,Gain_mA_AO2,UINT,0,num,32768,0,65535,4-20mA calibration gain AO2,1,holding,0,interface_configuration,,,,AOL2,
15696,Gain_10V_AO3,UINT,27378,num,32768,0,65535,0-10V calibration gain AO3,1,holding,0,interface_configuration,,,,AOL3,
15697,Gain_mA_AO3,UINT,27574,num,32768,0,65535,4-20mA calibration gain AO3,1,holding,0,interface_configuration,,,,AOL3,
15698,Gain_10V_AO4,UINT,27389,num,32768,0,65535,0-10V calibration gain AO4,1,holding,0,interface_configuration,,,,AOL4,
15699,Gain_mA_AO4,UINT,0,num,32768,0,65535,4-20mA calibration gain AO4,1,holding,0,interface_configuration,,,,AOL4,
15700,Gain_10V_AO5,UINT,29453,num,32768,0,65535,0-10V calibration gain AO5,1,holding,0,interface_configuration,,,,AOL5,
15701,Gain_mA_AO5,UINT,32768,num,32768,0,65535,4-20mA calibration gain AO5,1,holding,0,interface_configuration,,,,AOL5,
15702,Gain_10V_AO6,UINT,29489,num,32768,0,65535,0-10V calibration gain AO6,1,holding,0,interface_configuration,,,,AOL6,
15703,Gain_mA_AO6,UINT,32768,num,32768,0,65535,4-20mA calibration gain AO6,1,holding,0,interface_configuration,,,,AOL6,
15704,Offs_10V_AO1,INT,0,num,0,-32768,32767,0-10V calibration offset AO1,1,holding,0,interface_configuration,,,,AOL1,
15705,Offs_mA_AO1,INT,0,num,0,-32768,32767,4-20mA calibration offset AO1,1,holding,0,interface_configuration,,,,AOL1,
15706,Offs_10V_AO2,INT,0,num,0,-32768,32767,0-10V calibration offset AO2,1,holding,0,interface_configuration,,,,AOL2,
15707,Offs_mA_AO2,INT,0,num,0,-32768,32767,4-20mA calibration offset AO2,1,holding,0,interface_configuration,,,,AOL2,
15708,Offs_10V_AO3,INT,0,num,0,-32768,32767,0-10V calibration offset AO3,1,holding,0,interface_configuration,,,,AOL3,
15709,Offs_mA_AO3,INT,0,num,0,-32768,32767,4-20mA calibration offset AO3,1,holding,0,interface_configuration,,,,AOL3,
15710,Offs_10V_AO4,INT,0,num,0,-32768,32767,0-10V calibration offset AO4,1,holding,0,interface_configuration,,,,AOL4,
15711,Offs_mA_AO4,INT,0,num,0,-32768,32767,4-20mA calibration offset AO4,1,holding,0,interface_configuration,,,,AOL4,
15712,Offs_10V_AO5,INT,0,num,0,-32768,32767,0-10V calibration offset AO5,1,holding,0,interface_configuration,,,,AOL5,
15713,Offs_mA_AO5,INT,0,num,0,-32768,32767,4-20mA calibration offset AO5,1,holding,0,interface_configuration,,,,AOL5,
15714,Offs_10V_AO6,INT,0,num,0,-32768,32767,0-10V calibration offset AO6,1,holding,0,interface_configuration,,,,AOL6,
15715,Offs_mA_AO6,INT,0,num,0,-32768,32767,4-20mA calibration offset AO6,1,holding,0,interface_configuration,,,,AOL6,
15716,Par_TAB,UINT,0,num,0,0,65535,Tab (map code),1,holding,1,configuration,,,,,
15717,Par_POLI,UINT,1027,num,1025,0,65535,Polycarbonate code,2,holding,1,configuration,,,,,
15719,Par_PARMOD,BOOL,True,flag,True,0,1,Parameter modified,1,holding,1,configuration,,,,,
15723,Par_ContrLCD,UINT,30,num,30,0,63,LCD contrast,1,holding,1,configuration,,,,,
15724,Par_BackLightTime,UINT,10,sec,10,0,3600,Backlight time,1,holding,1,configuration,,,,,
15725,Temp_UM,enum,0=°C,num,0=°C,0,1,Unit of temperature measurement,1,holding,1,configuration,,,,,
15736,FullScaleMin_AI1,INT,0,digit,0,-9999,9999,First value analogue input AI1 scale,1,holding,0,interface_configuration,,,,AIL1,
15737,FullScaleMax_AI1,INT,1000,digit,1000,-9999,9999,Last value analogue input AI1 scale,1,holding,0,interface_configuration,,,,AIL1,
15738,FullScaleMin_AI2,INT,0,digit,0,-9999,9999,First value analogue input AI2 scale,1,holding,0,interface_configuration,,,,AIL2,
15739,FullScaleMax_AI2,INT,1000,digit,1000,-9999,9999,Last value analogue input AI2 scale,1,holding,0,interface_configuration,,,,AIL2,
15740,FullScaleMin_AI3,INT,0,digit,0,-9999,9999,First value analogue input AI3 scale,1,holding,0,interface_configuration,,,,AIL3,
15741,FullScaleMax_AI3,INT,1000,digit,1000,-9999,9999,Last value analogue input AI3 scale,1,holding,0,interface_configuration,,,,AIL3,
15742,FullScaleMin_AI4,INT,0,digit,0,-9999,9999,First value analogue input AI4 scale,1,holding,0,interface_configuration,,,,AIL4,
15743,FullScaleMax_AI4,INT,1000,digit,1000,-9999,9999,Last value analogue input AI4 scale,1,holding,0,interface_configuration,,,,AIL4,
15744,FullScaleMin_AI5,INT,0,digit,0,-9999,9999,First value analogue input AI5 scale,1,holding,0,interface_configuration,,,,AIL5,
15745,FullScaleMax_AI5,INT,1000,digit,1000,-9999,9999,Last value analogue input AI5 scale,1,holding,0,interface_configuration,,,,AIL5,
15746,FullScaleMin_AI6,INT,0,digit,0,-9999,9999,First value analogue input AI6 scale,1,holding,0,interface_configuration,,,,AIL6,
15747,FullScaleMax_AI6,INT,1000,digit,1000,-9999,9999,Last value analogue input AI6 scale,1,holding,0,interface_configuration,,,,AIL6,
15748,Calibration_AI1,INT,0,digit,0,-1000,1000,Analogue input AI1 differential,1,holding,0,interface_configuration,,,,AIL1,
15749,Calibration_AI2,INT,0,digit,0,-1000,1000,Analogue input AI2 differential,1,holding,0,interface_configuration,,,,AIL2,
15750,Calibration_AI3,INT,0,digit,0,-1000,1000,Analogue input AI3 differential,1,holding,0,interface_configuration,,,,AIL3,
15751,Calibration_AI4,INT,0,digit,0,-1000,1000,Analogue input AI4 differential,1,holding,0,interface_configuration,,,,AIL4,
15752,Calibration_AI5,INT,0,digit,0,-1000,1000,Analogue input AI5 differential,1,holding,0,interface_configuration,,,,AIL5,
15753,Calibration_AI6,INT,0,digit,0,-1000,1000,Analogue input AI6 differential,1,holding,0,interface_configuration,,,,AIL6,
15758,Cfg_AO3,enum,0=Current modulation,num,0=Current modulation,0,3,Type of analogue output AO3,1,holding,0,interface_configuration,,,,AOL3,
15759,Cfg_AO4,enum,0=Current modulation,num,0=Current modulation,0,3,Type of analogue output AO4,1,holding,0,interface_configuration,,,,AOL4,
15766,Load_BACnet_E2_Defaults,BOOL,True,flag,True,0,1,Load default values for BACnet parameters in EEPROM at next boot,1,holding,1,configuration,,,,,
15768,Port_BACnet_IP,UINT,65535,num,65535,0,65535,"BACnet/IP Port number, 0=default port 47808, 65535=bacnet stack running only on PLC side",1,holding,1,configuration,,,,,
15769,PWM_frequency_AO3_AO4,UINT,1000,Hz,1000,0,2000,PWM Frequency for AO3 and AO4 in PWM mode,1,holding,0,interface_configuration,,,,"AOL3,AOL4",
15770,PWM_polarity_AO3_AO4,UINT,1,num,1,0,1,"PWM Polarity for AO3 and AO4 in PWM mode: 1=direct,0=reversed",1,holding,0,interface_configuration,,,,"AOL3,AOL4",
15772,Port_FTP_PI,UINT,80,num,65535,0,65535,"FTP Port number, 0 is equal to default port 21, 65535 disable from reset FTP slave ",1,holding,0,configuration,,,,,
15774,Addr_RS485_OB,UINT,1,num,1,0,255,RS485-2 On Board address,1,holding,0,configuration,,,,,
15775,Proto_RS485_OB,enum,3=Modbus/RTU,num,3=Modbus/RTU,2,4,Select RS485-2 On Board protocol,1,holding,0,configuration,,,,,
15776,DataBit_RS485_OB,UINT,8,num,8,8,8,RS485-2 On Board Data bit number,1,holding,0,configuration,,,,,
15777,StopBit_RS485_OB,UINT,1,num,1,1,2,RS485-2 On Board stop bit number,1,holding,0,configuration,,,,,
15778,Parity_RS485_OB,enum,2=Even,num,0=Null,0,2,RS485-2 On Board parity protocol,1,holding,0,configuration,,,,,
15779,Baud_RS485_OB,enum,2=38400,num,0=9600,0,5,RS485-2 On Board baud rate protocol,1,holding,0,configuration,,,,,
15780,Addr_CAN_OB,UINT,1,num,1,1,127,CAN On Board address,1,holding,0,configuration,,,,,
15781,Baud_CAN_OB,enum,2=500 Kb/s,num,2=500 Kb/s,2,6,CAN On Board baud rate protocol,1,holding,0,configuration,,,,,
15782,Addr_RS485_PI,UINT,1,num,1,0,255,RS485 passive Plug-In address,1,holding,0,configuration,,,,,
15783,Proto_RS485_PI,enum,3=Modbus/RTU,num,3=Modbus/RTU,2,4,Select RS485 passive Plug-In protocol ,1,holding,0,configuration,,,,,
15784,DataBit_RS485_PI,UINT,8,num,8,8,8,RS485 passive Plug-In Data bit number,1,holding,0,configuration,,,,,
15785,StopBit_RS485_PI,UINT,1,num,1,1,2,RS485 passive Plug-In stop bit number,1,holding,0,configuration,,,,,
15786,Parity_RS485_PI,enum,2=Even,num,2=Even,0,2,RS485 passive Plug-In parity protocol,1,holding,0,configuration,,,,,
15787,Baud_RS485_PI,enum,2=38400,num,2=38400,0,5,RS485 passive Plug-In baud rate protocol,1,holding,0,configuration,,,,,
15788,Addr_CAN_PI,UINT,1,num,1,1,127,CAN passive Plug-In address,1,holding,0,configuration,,,,,
15789,Baud_CAN_PI,enum,2=500 Kb/s,num,2=500 Kb/s,2,6,CAN Passive Plug-In baud rate protocol,1,holding,0,configuration,,,,,
15790,Addr_RS232_PI,UINT,1,num,1,0,255,RS232 passive Plug-In address,1,holding,0,configuration,,,,,
15791,Proto_RS232_PI,enum,3=Modbus/RTU,num,3=Modbus/RTU,2,3,Select RS232 passive Plug-In protocol ,1,holding,0,configuration,,,,,
15792,DataBit_RS232_PI,UINT,8,num,8,7,8,RS232 passive Plug-In Data bit number,1,holding,0,configuration,,,,,
15793,StopBit_RS232_PI,UINT,1,num,1,1,2,RS232 passive Plug-In stop bit number,1,holding,0,configuration,,,,,
15794,Parity_RS232_PI,enum,2=Even,num,2=Even,0,2,RS232 passive Plug-In parity protocol,1,holding,0,configuration,,,,,
15795,Baud_RS232_PI,enum,2=38400,num,2=38400,0,5,RS232 passive Plug-In baud rate protocol,1,holding,0,configuration,,,,,
15796,Port_HTTP_PI,UINT,0,num,0,0,65535,"HTTP Port number, 0 is equal to default port 80, 65535 disable from reset HTTP service",1,holding,0,configuration,,,,,
15797,Port_ETH_PI,UINT,502,num,65535,0,65535,"TCP/IP Port number, 65535 disable from reset TCP/IP Modbus Slave",1,holding,0,configuration,,,,,
15798,Ip_1_ETH_PI,UINT,10,num,10,0,255,Ethernet IP address (1 st part),1,holding,0,configuration,,,,,
15799,Ip_2_ETH_PI,UINT,0,num,0,0,255,Ethernet IP address (2 nd part),1,holding,0,configuration,,,,,
15800,Ip_3_ETH_PI,UINT,0,num,0,0,255,Ethernet IP address (3 rd part),1,holding,0,configuration,,,,,
15801,Ip_4_ETH_PI,UINT,100,num,100,0,255,Ethernet IP address (4 th part),1,holding,0,configuration,,,,,
15802,DefGtwy_1_ETH_PI,UINT,10,num,10,0,255,Default Gateway (1 st part),1,holding,0,configuration,,,,,
15803,DefGtwy_2_ETH_PI,UINT,0,num,0,0,255,Default Gateway (2 nd part),1,holding,0,configuration,,,,,
15804,DefGtwy_3_ETH_PI,UINT,0,num,0,0,255,Default Gateway (3 rd part),1,holding,0,configuration,,,,,
15805,DefGtwy_4_ETH_PI,UINT,1,num,1,0,255,Default Gateway (4 th part),1,holding,0,configuration,,,,,
15806,NetMsk_1_ETH_PI,UINT,255,num,255,0,255,Net mask (1 st part),1,holding,0,configuration,,,,,
15807,NetMsk_2_ETH_PI,UINT,255,num,255,0,255,Net mask (2 nd part),1,holding,0,configuration,,,,,
15808,NetMsk_3_ETH_PI,UINT,255,num,255,0,255,Net mask (3 rd part),1,holding,0,configuration,,,,,
15809,NetMsk_4_ETH_PI,UINT,0,num,0,0,255,Net mask (4 th part),1,holding,0,configuration,,,,,
15810,PriDNS_1_ETH_PI,UINT,8,num,8,0,255,Primary DNS server (1 st part),1,holding,0,configuration,,,,,
15811,PriDNS_2_ETH_PI,UINT,8,num,8,0,255,Primary DNS server (2 nd part),1,holding,0,configuration,,,,,
15812,PriDNS_3_ETH_PI,UINT,8,num,8,0,255,Primary DNS server (3 rd part),1,holding,0,configuration,,,,,
15813,PriDNS_4_ETH_PI,UINT,8,num,8,0,255,Primary DNS server (4 th part),1,holding,0,configuration,,,,,
15814,SecDNS_1_ETH_PI,UINT,8,num,8,0,255,Secondary DNS server (1 st part),1,holding,0,configuration,,,,,
15815,SecDNS_2_ETH_PI,UINT,8,num,8,0,255,Secondary DNS server (2 nd part),1,holding,0,configuration,,,,,
15816,SecDNS_3_ETH_PI,UINT,4,num,4,0,255,Secondary DNS server (3 rd part),1,holding,0,configuration,,,,,
15817,SecDNS_4_ETH_PI,UINT,4,num,4,0,255,Secondary DNS server (4 th part),1,holding,0,configuration,,,,,
15818,EnableDHCP_ETH_PI,BOOL,True,flag,True,0,1,Enable DHCP,1,holding,0,configuration,,,,,
15819,Hmi_Language,UINT,0,num,0,0,65535,Language,1,holding,0,configuration,,,,,
15820,Modem_RS232_PI,BOOL,True,flag,True,0,1,Modem Enable,1,holding,0,configuration,,,,,
15821,Modem_InitStr1,STRING,AT&F&C1&D2X4E0S0=0,,AT&F&C1&D2X4E0S0=0,,,Init String (1st part),10,holding,0,configuration,,,,,
15831,Modem_InitStr2,STRING,,,,,,Init String (2nd part),20,holding,0,configuration,,,,,
15851,Modem_HangupStr,STRING,32768,,ATH0,,,HangUp String,10,holding,0,configuration,,,,,
16106,FullScaleMin_AI7,INT,0,digit,0,-9999,9999,First value analogue input AI7 scale,1,holding,0,interface_configuration,,,,AIL7,
16107,FullScaleMax_AI7,INT,1000,digit,1000,-9999,9999,Last value analogue input AI7 scale,1,holding,0,interface_configuration,,,,AIL7,
16108,FullScaleMin_AI8,INT,0,digit,0,-9999,9999,First value analogue input AI8 scale,1,holding,0,interface_configuration,,,,AIL8,
16109,FullScaleMax_AI8,INT,1000,digit,1000,-9999,9999,Last value analogue input AI8 scale,1,holding,0,interface_configuration,,,,AIL8,
16110,FullScaleMin_AI9,INT,0,digit,0,-9999,9999,First value analogue input AI9 scale,1,holding,0,interface_configuration,,,,AIL9,
16111,FullScaleMax_AI9,INT,1000,digit,1000,-9999,9999,Last value analogue input AI9 scale,1,holding,0,interface_configuration,,,,AIL9,
16112,FullScaleMin_AI10,INT,0,digit,0,-9999,9999,First value analogue input AI10 scale,1,holding,0,interface_configuration,,,,AIL10,
16113,FullScaleMax_AI10,INT,1000,digit,1000,-9999,9999,Last value analogue input AI10 scale,1,holding,0,interface_configuration,,,,AIL10,
16114,FullScaleMin_AI11,INT,0,digit,0,-9999,9999,First value analogue input AI11 scale,1,holding,0,interface_configuration,,,,AIL11,
16115,FullScaleMax_AI11,INT,1000,digit,1000,-9999,9999,Last value analogue input AI11 scale,1,holding,0,interface_configuration,,,,AIL11,
16116,FullScaleMin_AI12,INT,0,digit,0,-9999,9999,First value analogue input AI12 scale,1,holding,0,interface_configuration,,,,AIL12,
16117,FullScaleMax_AI12,INT,1000,digit,1000,-9999,9999,Last value analogue input AI12 scale,1,holding,0,interface_configuration,,,,AIL12,
16118,Calibration_AI7,INT,0,digit,0,-1000,1000,Analogue input AI7 differential,1,holding,0,interface_configuration,,,,AIL7,
16119,Calibration_AI8,INT,0,digit,0,-1000,1000,Analogue input AI8 differential,1,holding,0,interface_configuration,,,,AIL8,
16120,Calibration_AI9,INT,0,digit,0,-1000,1000,Analogue input AI9 differential,1,holding,0,interface_configuration,,,,AIL9,
16121,Calibration_AI10,INT,0,digit,0,-1000,1000,Analogue input AI10 differential,1,holding,0,interface_configuration,,,,AIL10,
16122,Calibration_AI11,INT,0,digit,0,-1000,1000,Analogue input AI11 differential,1,holding,0,interface_configuration,,,,AIL11,
16123,Calibration_AI12,INT,0,digit,0,-1000,1000,Analogue input AI12 differential,1,holding,0,interface_configuration,,,,AIL12,
16124,Addr_RS485_OB1,UINT,1,num,1,0,255,RS485-1 On Board address,1,holding,0,configuration,,,,,
16125,Proto_RS485_OB1,enum,3=Modbus/RTU,num,3=Modbus/RTU,2,4,Select RS485-1 On Board protocol,1,holding,0,configuration,,,,,
16126,DataBit_RS485_OB1,UINT,8,num,8,8,8,RS485-1 On Board Data bit number,1,holding,0,configuration,,,,,
16127,StopBit_RS485_OB1,UINT,1,num,1,1,2,RS485-1 On Board stop bit number,1,holding,0,configuration,,,,,
16128,Parity_RS485_OB1,enum,2=Even,num,2=Even,0,2,RS485-1 On Board parity protocol,1,holding,0,configuration,,,,,
16129,Baud_RS485_OB1,enum,2=38400,num,2=38400,0,5,RS485-1 On Board baud rate protocol,1,holding,0,configuration,,,,,
16130,MAC_1_ETH_PI,UINT,0,num,0,0,0,MAC address (1 st part),1,holding,0,configuration,,,,,
16131,MAC_2_ETH_PI,UINT,24,num,24,0,24,MAC address (2 nd part),1,holding,0,configuration,,,,,
16132,MAC_3_ETH_PI,UINT,187,num,187,0,187,MAC address (3 rd part),1,holding,0,configuration,,,,,
16133,MAC_4_ETH_PI,UINT,5,num,0,0,255,MAC address (4 th part),1,holding,0,configuration,,,,,
16134,MAC_5_ETH_PI,UINT,42,num,0,0,255,MAC address (5 th part),1,holding,0,configuration,,,,,
16135,MAC_6_ETH_PI,UINT,155,num,0,0,255,MAC address (6 th part),1,holding,0,configuration,,,,,
16136,HTTP_volume,enum,0=NOR Flash,num,0=NOR Flash,0,1,Volume of HTTP files,1,holding,0,configuration,,,,,
16137,DAT_volume,enum,0=NOR Flash,num,0=NOR Flash,0,1,"Volume of *.DAT and *.RAW files, ",1,holding,0,configuration,,,,,
16138,FTP_volume,enum,0=NOR Flash,num,0=NOR Flash,0,1,Volume of FTP files,1,holding,0,configuration,,,,,
16139,PLC_volume,enum,0=NOR Flash,num,0=NOR Flash,0,1,Volume of PLC file,1,holding,0,configuration,,,,,
16140,HMI_volume,enum,0=NOR Flash,num,0=NOR Flash,0,1,Volume of HMI file,1,holding,0,configuration,,,,,
16141,REM_volume,enum,0=NOR Flash,num,0=NOR Flash,0,1,Volume of HMI Remote file,1,holding,0,configuration,,,,,
16142,PAR_volume,enum,0=NOR Flash,num,0=NOR Flash,0,1,Volume of CONNEC.PAR file,1,holding,0,configuration,,,,,
16143,virtualDipSwitch,UINT,0,num,0,0,7,Nemeric prefix for system files name,1,holding,0,configuration,,,,,
16144,CANExpPresenceByPar,UINT,0,num,0,0,4095,"bit(x) : if 0 the (x+1)-th CAN slave in CONNEC.PAR sequence is present, otherwise not present",1,holding,0,configuration,,,,,
16145,MbMRtu_DisByPar,enum,0=Enabled,num,0=Enabled,0,1,RS485-2 Modbus Master Status when enabled from Configuration,1,holding,0,diagnostic,,,,,
16146,MbMTcp_ServerIp4thOctet_Node0,UINT,0,num,0,0,255,Modbus TCP Client via Configuration: 4th octet for server node number 0,1,holding,0,configuration,,,,,
16147,MbMTcp_ServerIp4thOctet_Node1,UINT,0,num,0,0,255,Modbus TCP Client via Configuration: 4th octet for server node number 1,1,holding,0,configuration,,,,,
16148,MbMTcp_ServerIp4thOctet_Node2,UINT,0,num,0,0,255,Modbus TCP Client via Configuration: 4th octet for server node number 2,1,holding,0,configuration,,,,,
16149,MbMTcp_ServerIp4thOctet_Node3,UINT,0,num,0,0,255,Modbus TCP Client via Configuration: 4th octet for server node number 3,1,holding,0,configuration,,,,,
16150,MbMTcp_ServerIp4thOctet_Node4,UINT,0,num,0,0,255,Modbus TCP Client via Configuration: 4th octet for server node number 4,1,holding,0,configuration,,,,,
16151,MbMTcp_ServerIp4thOctet_Node5,UINT,0,num,0,0,255,Modbus TCP Client via Configuration: 4th octet for server node number 5,1,holding,0,configuration,,,,,
16152,MbMTcp_ServerIp4thOctet_Node6,UINT,0,num,0,0,255,Modbus TCP Client via Configuration: 4th octet for server node number 6,1,holding,0,configuration,,,,,
16153,MbMTcp_ServerIp4thOctet_Node7,UINT,0,num,0,0,255,Modbus TCP Client via Configuration: 4th octet for server node number 7,1,holding,0,configuration,,,,,
16154,MaxMaster_BACnet_MSTP,UINT,0,num,0,0,127,"BACnet MS/TP max-master, if less than 1 or greater then 127 is managed as 127",1,holding,0,configuration,,,,,
24320,PASSWORD,UDINT,0,num,4294967295,0,4294967295,"Numeric Password for Application protection. Write-only parameter, One Time Programmable!!!",2,holding,0,configuration,,,,,
